{"cameraMode":{"drawMode":0,"name":"Shaded","section":"Shading Mode"},"sceneLighting":false,"audioPlay":false,"sceneViewState":{"showFog":true,"showMaterialUpdate":false,"showSkybox":true,"showFlares":true,"showImageEffects":true,"showParticleSystems":true},"in2DMode":false,"pivot":{"x":93.56250762939453,"y":-386.6474914550781,"z":-305.26123046875},"rotation":{"x":0.8063496947288513,"y":0.005070427432656288,"z":-0.007508125156164169,"w":0.591627299785614},"size":213.25274658203126,"orthographic":false}