{"count":1,"self":7981.7490431999995,"total":18659.6387856,"children":{"AgentSendState":{"count":1549381,"self":35.2523872,"total":5414.8613807,"children":{"CollectObservations":{"count":774691,"self":3.9168543999999996,"total":3.9168543,"children":null},"CollectDiscreteActionMasks":{"count":774691,"self":3.8024459999999998,"total":3.8024459999999998,"children":null},"AgentInfo.ToProto":{"count":774691,"self":10.888043999999999,"total":5371.8896946999994,"children":{"GenerateSensorData":{"count":774691,"self":35.7380448,"total":5361.0016504,"children":{"CameraSensor.GetCompressedObservation":{"count":774691,"self":5325.2636672,"total":5325.2636053,"children":null}}}}}}},"DecideAction":{"count":1549381,"self":4871.7094912,"total":4871.7095707,"children":null},"AgentAct":{"count":1549381,"self":390.3158784,"total":391.3168391,"children":{"AgentInfo.ToProto":{"count":155,"self":0.0050996999999999995,"total":1.0009683,"children":{"GenerateSensorData":{"count":155,"self":0.0049781999999999995,"total":0.9958686,"children":{"CameraSensor.GetCompressedObservation":{"count":155,"self":0.9908904,"total":0.9908904,"children":null}}}}}}}},"gauges":{"My Behavior.CumulativeReward":{"count":155,"max":14186.9736,"min":-16130.082,"runningAverage":-8933.613,"value":-15917.9609,"weightedAverage":-12835.8574}},"metadata":{"timer_format_version":"0.1.0","start_time_seconds":"1640891970","unity_version":"2019.4.13f1","command_line_arguments":"C:\\Program Files\\Unity\\Hub\\Editor\\2019.4.13f1\\Editor\\Unity.exe -projectpath G:\/Amey\/Unity_scenes\/New Unity Project -useHub -hubIPC -cloudEnvironment production -hubSessionId 28199be0-618e-11ec-b01f-e9b27516f4f2 -accessToken vh7ZqycsZ1vUNpEv8C-tmhYJEkp6HZfkr7LJ8My5zE0006f","communication_protocol_version":"1.0.0","com.unity.ml-agents_version":"1.0.8","scene_name":"P1_Automatic","end_time_seconds":"1640910629"}}