{"count":1,"self":93.4460096,"total":113.65975309999999,"children":{"AgentSendState":{"count":2047,"self":0.0799656,"total":0.0997893,"children":{"CollectObservations":{"count":2047,"self":0.009231099999999999,"total":0.009231099999999999,"children":null},"CollectDiscreteActionMasks":{"count":2047,"self":0.010592599999999999,"total":0.010592599999999999,"children":null}}},"DecideAction":{"count":2047,"self":7.9818592,"total":20.0213598,"children":{"CameraSensor.WriteToTensor":{"count":2047,"self":12.039500799999999,"total":12.0395007,"children":null}}},"AgentAct":{"count":2047,"self":0.09159769999999999,"total":0.09159769999999999,"children":null}},"gauges":{"My Behavior.CumulativeReward":{"count":37,"max":4632.69238,"min":1001.60492,"runningAverage":1100.51233,"value":1002.454,"weightedAverage":1002.5675}},"metadata":{"timer_format_version":"0.1.0","start_time_seconds":"1640807134","unity_version":"2019.4.13f1","command_line_arguments":"C:\\Program Files\\Unity\\Hub\\Editor\\2019.4.13f1\\Editor\\Unity.exe -projectpath G:\/Amey\/Unity_scenes\/New Unity Project -useHub -hubIPC -cloudEnvironment production -hubSessionId 28199be0-618e-11ec-b01f-e9b27516f4f2 -accessToken Gve7R3ZyjhuE46AgoN_HGPh-1-Ev7TT6OSSL8xvpW48006f","communication_protocol_version":"1.0.0","com.unity.ml-agents_version":"1.0.8","scene_name":"P2_Automatic","end_time_seconds":"1640807248"}}