{"count":1,"self":2268.942336,"total":5220.8432551999995,"children":{"AgentSendState":{"count":450854,"self":9.9620687999999991,"total":1437.002509,"children":{"CollectObservations":{"count":225427,"self":1.0541094,"total":1.0541094,"children":null},"CollectDiscreteActionMasks":{"count":225427,"self":0.97867719999999991,"total":0.97867719999999991,"children":null},"AgentInfo.ToProto":{"count":225427,"self":2.9420059999999997,"total":1425.0076531999998,"children":{"GenerateSensorData":{"count":225427,"self":9.3702464,"total":1422.0656471,"children":{"CameraSensor.GetCompressedObservation":{"count":225427,"self":1412.6954495999998,"total":1412.6954008,"children":null}}}}}}},"DecideAction":{"count":450854,"self":1400.9828352,"total":1400.9828496,"children":null},"AgentAct":{"count":450854,"self":113.5088512,"total":113.9144778,"children":{"AgentInfo.ToProto":{"count":66,"self":0.0010222,"total":0.4056207,"children":{"GenerateSensorData":{"count":66,"self":0.0009971,"total":0.40459849999999997,"children":{"CameraSensor.GetCompressedObservation":{"count":66,"self":0.4036014,"total":0.4036014,"children":null}}}}}}}},"gauges":{"My Behavior.CumulativeReward":{"count":66,"max":16546.8184,"min":-15016.5977,"runningAverage":11452.4785,"value":16546.8184,"weightedAverage":16452.377}},"metadata":{"timer_format_version":"0.1.0","start_time_seconds":"1640867597","unity_version":"2019.4.13f1","command_line_arguments":"C:\\Program Files\\Unity\\Hub\\Editor\\2019.4.13f1\\Editor\\Unity.exe -projectpath G:\/Amey\/Unity_scenes\/New Unity Project -useHub -hubIPC -cloudEnvironment production -hubSessionId 28199be0-618e-11ec-b01f-e9b27516f4f2 -accessToken 1cFMDs7QubpSMwiLa6TgALkD4bBMdhSqe3IQ40fSa_4006f","communication_protocol_version":"1.0.0","com.unity.ml-agents_version":"1.0.8","scene_name":"PT - Automatic","end_time_seconds":"1640872818"}}